{"width": 595.2760009765625, "height": 841.8900146484375}