{"width": 2979.2099609375, "height": 3370.389892578125}